{"cameraMode":{"drawMode":0,"name":"Shaded","section":"Shading Mode"},"sceneLighting":false,"audioPlay":false,"sceneViewState":{"showFog":true,"showMaterialUpdate":false,"showSkybox":false,"showFlares":true,"showImageEffects":true,"showParticleSystems":true,"showVisualEffectGraphs":true,"m_FxEnabled":true},"in2DMode":false,"pivot":{"x":-0.0072498321533203129,"y":-0.32841551303863528,"z":6.843104362487793},"rotation":{"x":-0.06927546858787537,"y":-0.6187179088592529,"z":0.05489208549261093,"w":-0.7806536555290222},"size":6.513583183288574,"orthographic":false}