{"cameraMode":{"drawMode":0,"name":"Shaded","section":"Shading Mode"},"sceneLighting":false,"audioPlay":false,"sceneViewState":{"showFog":true,"showMaterialUpdate":false,"showSkybox":false,"showFlares":true,"showImageEffects":true,"showParticleSystems":true,"showVisualEffectGraphs":true,"m_FxEnabled":true},"in2DMode":false,"pivot":{"x":0.32909199595451357,"y":1.6089128255844117,"z":0.4163798689842224},"rotation":{"x":0.024968484416604043,"y":-0.8623077869415283,"z":0.04271804913878441,"w":0.5039646625518799},"size":1.4097578525543213,"orthographic":false}